2025,128,POM,1101,219
2025,128,POM,1102,310
2025,128,POM,1103,99
2025,128,POM,1104,6
2025,128,POM,1105,358
2025,128,POM,1106,280
2025,128,POM,1107,272
2025,128,POM,1108,323
2025,128,POM,1110,248
2025,128,POM,1111,172
2025,128,POM,1112,14
2025,128,POM,1113,70
2025,128,POM,1114,226
2025,128,POM,1115,363
2025,128,POM,1116,40
2025,128,POM,1117,90
2025,128,POM,1119,324
2025,128,POM,1120,4
2025,128,POM,1122,273
2025,128,POM,1123,274
2025,128,POM,1124,29
2025,128,POM,1125,127
2025,128,POM,1126,282
2025,128,POM,1127,319
2025,128,POM,1129,49
2025,128,POM,1130,183
2025,128,POM,1131,304
2025,128,POM,1132,286
2025,128,POM,1133,95
2025,128,POM,1135,209
2025,128,POM,1136,156
2025,128,POM,1137,225
2025,128,POM,1138,340
2025,128,POM,1139,77
2025,128,POM,1140,24
2025,128,POM,1141,204
2025,128,POM,1142,190
2025,128,POM,1143,114
2025,128,POM,1144,221
2025,128,POM,1145,359
2025,128,POM,1146,345
2025,128,POM,1148,177
2025,128,POM,1149,302
2025,128,POM,1150,263
2025,128,POM,1151,110
2025,128,POM,1152,361
2025,128,POM,1153,56
2025,128,POM,1154,356
2025,128,POM,1155,18
2025,128,POM,1156,166
2025,128,POM,1157,328
2025,128,POM,1158,154
2025,128,POM,1159,257
2025,128,POM,1160,92
2025,128,POM,1161,42
2025,128,POM,1162,277
2025,128,POM,1163,35
2025,128,POM,1164,362
2025,128,POM,1165,133
2025,128,POM,1166,37
2025,128,POM,1167,236
2025,128,POM,1168,351
2025,128,POM,1169,105
2025,128,POM,1170,343
2025,128,POM,1171,193
2025,128,POM,1172,144
2025,128,POM,1173,74
2025,128,POM,1174,245
2025,128,POM,1175,307
2025,128,POM,1176,309
2025,128,POM,1177,125
2025,128,POM,1178,337
2025,128,POM,1179,58
2025,128,POM,1180,188
2025,128,POM,1181,1
2025,128,POM,1182,131
2025,128,POM,1183,314
2025,128,POM,1184,182
2025,128,POM,1185,281
2025,128,POM,1186,294
2025,128,POM,1187,174
2025,128,POM,1188,216
2025,128,POM,1189,201
2025,128,POM,1190,143
2025,128,POM,1191,259
2025,128,POM,1192,308
2025,128,POM,1193,331
2025,128,POM,1194,109
2025,128,POM,1195,173
2025,128,POM,1196,2
2025,128,POM,1197,313
2025,128,POM,1198,255
2025,128,POM,1199,87
2025,128,POM,1200,242
2025,128,POM,1201,252
2025,128,POM,1202,135
2025,128,POM,1203,107
2025,128,POM,1204,249
2025,128,POM,1205,261
2025,128,POM,1206,85
2025,128,POM,1207,84
2025,128,POM,1208,34
2025,128,POM,1209,262
2025,128,POM,1210,97
2025,128,POM,1211,9
2025,128,POM,1212,330
2025,128,POM,1213,93
2025,128,POM,1214,215
2025,128,POM,1217,253
2025,128,POM,1218,224
2025,128,POM,1219,84
2025,128,POM,1220,220
2025,128,POM,1221,318
2025,128,POM,1222,3
2025,128,POM,1223,278
2025,128,POM,1224,311
2025,128,POM,1225,276
2025,128,POM,1226,199
2025,128,POM,1227,175
2025,128,POM,1228,20
2025,128,POM,1229,141
2025,128,POM,1230,246
2025,128,POM,1231,44
2025,128,POM,1232,205
2025,128,POM,1233,267
2025,128,POM,1234,67
2025,128,POM,1235,10
2025,128,POM,1236,165
2025,128,POM,1237,315
2025,128,POM,1238,254
2025,128,POM,1239,180
2025,128,POM,1240,119
2025,128,POM,1241,163
2025,128,POM,1242,21
2025,128,POM,1243,66
2025,128,POM,1244,132
2025,128,POM,1245,128
2025,128,POM,1246,16
2025,128,POM,1247,230
2025,128,POM,1248,290
2025,128,POM,1249,168
2025,128,POM,1250,283
2025,128,POM,1251,62
2025,128,POM,1252,83
2025,128,POM,1253,303
2025,128,POM,1254,287
2025,128,POM,1255,213
2025,128,POM,1256,123
2025,128,POM,1257,23
2025,128,POM,1258,155
2025,128,POM,1259,306
2025,128,POM,1260,113
2025,128,POM,1261,81
2025,128,POM,1262,240
2025,128,POM,1263,223
2025,128,POM,1264,227
2025,128,POM,1265,271
2025,128,POM,1266,28
2025,128,POM,1267,170
2025,128,POM,1268,12
2025,128,POM,1269,210
2025,128,POM,1270,59
2025,128,POM,1271,360
2025,128,POM,1272,51
2025,128,POM,1273,260
2025,128,POM,1274,192
2025,128,POM,1275,160
2025,128,POM,1276,25
2025,128,POM,1277,8
2025,128,POM,1278,89
2025,128,POM,1279,26
2025,128,POM,1280,32
2025,128,POM,1281,15
2025,128,POM,1282,235
2025,128,POM,1283,243
2025,128,POM,1284,268
2025,128,POM,1285,178
2025,128,POM,1286,186
2025,128,POM,1287,325
2025,128,POM,1288,333
2025,128,POM,1290,364
2025,128,POM,1291,256
2025,128,POM,1292,116
2025,128,POM,1293,142
2025,128,POM,1294,129
2025,128,POM,1295,134
2025,128,POM,1296,346
2025,128,POM,1297,234
2025,128,POM,1298,265
2025,128,POM,1299,335
2025,128,POM,1300,320
2025,128,POM,1301,124
2025,128,POM,1303,158
2025,128,POM,1304,55
2025,128,POM,1305,79
2025,128,POM,1306,355
2025,128,POM,1307,41
2025,128,POM,1308,130
2025,128,POM,1309,350
2025,128,POM,1310,321
2025,128,POM,1311,171
2025,128,POM,1312,353
2025,128,POM,1313,176
2025,128,POM,1314,33
2025,128,POM,1315,264
2025,128,POM,1316,258
2025,128,POM,1317,68
2025,128,POM,1318,211
2025,128,POM,1319,247
2025,128,POM,1320,102
2025,128,POM,1321,47
2025,128,POM,1322,233
2025,128,POM,1323,93
2025,128,POM,1324,179
2025,128,POM,1325,197
2025,128,POM,1326,34
2025,128,POM,1328,38
2025,128,POM,1329,96
2025,128,POM,1330,285
2025,128,POM,1331,327
2025,128,POM,1332,31
2025,128,POM,1333,82
2025,128,POM,1334,284
2025,128,POM,1335,292
2025,128,POM,1336,60
2025,128,POM,1337,217
2025,128,POM,1338,59
2025,128,POM,1339,270
2025,128,POM,1340,196
2025,128,POM,1341,357
2025,128,POM,1342,232
2025,128,POM,1343,181
2025,128,POM,1344,94
2025,128,POM,1345,19
2025,128,POM,1346,214
2025,128,POM,1347,153
2025,128,POM,1348,140
2025,128,POM,1349,187
2025,128,POM,1350,237
2025,128,POM,1351,312
2025,128,POM,1352,147
2025,128,POM,1353,75
2025,128,POM,1354,191
2025,128,POM,1355,136
2025,128,POM,1356,195
2025,128,POM,1357,266
2025,128,POM,1358,167
2025,128,POM,1359,115
2025,128,POM,1360,296
2025,128,POM,1361,46
2025,128,POM,1362,64
2025,128,POM,1363,169
2025,128,POM,1364,148
2025,128,POM,1365,58
2025,128,POM,1367,339
2025,128,POM,1368,198
2025,128,POM,1369,207
2025,128,POM,1370,139
2025,128,POM,1371,208
2025,128,POM,1372,279
2025,128,POM,1373,250
2025,128,POM,1374,52
2025,128,POM,1375,118
2025,128,POM,1376,69
2025,128,POM,1377,238
2025,128,POM,1378,194
2025,128,POM,1379,297
2025,128,POM,1380,228
2025,128,POM,1381,291
2025,128,POM,1382,101
2025,128,POM,1384,317
2025,128,POM,1385,11
2025,128,POM,1386,78
2025,128,POM,1387,106
2025,128,POM,1388,22
2025,128,POM,1389,298
2025,128,POM,1390,86
2025,128,POM,1391,352
2025,128,POM,1392,332
2025,128,POM,1393,112
2025,128,POM,1394,151
2025,128,POM,1395,88
2025,128,POM,1396,162
2025,128,POM,1397,5
2025,128,POM,1398,251
2025,128,POM,1399,305
2025,128,POM,1400,44
2025,128,POM,1401,17
2025,128,POM,1402,200
2025,128,POM,1403,7
2025,128,POM,1404,293
2025,128,POM,1405,244
2025,128,POM,1406,149
2025,128,POM,1407,98
2025,128,POM,1408,150
2025,128,POM,1409,269
2025,128,POM,1410,239
2025,128,POM,1411,275
2025,128,POM,1412,117
2025,128,POM,1413,241
2025,128,POM,1414,65
2025,128,POM,1415,137
2025,128,POM,1416,76
2025,128,POM,1417,27
2025,128,POM,1418,316
2025,128,POM,1419,348
2025,128,POM,1420,299
2025,128,POM,1421,202
2025,128,POM,1422,145
2025,128,POM,1423,105
2025,128,POM,1424,91
2025,128,POM,1425,63
2025,128,POM,1426,218
2025,128,POM,1427,189
2025,128,POM,1428,71
2025,128,POM,1429,52
2025,128,POM,1430,121
2025,128,POM,1431,159
2025,128,POM,1433,30
2025,128,POM,1434,212
2025,128,POM,1435,49
2025,128,POM,1436,231
2025,128,POM,1437,54
2025,128,POM,1438,103
2025,128,POM,1439,157
2025,128,POM,1440,289
2025,128,POM,1441,338
2025,128,POM,1442,347
2025,128,POM,1443,152
2025,128,POM,1444,295
2025,128,POM,1447,344
2025,128,POM,1448,73
2025,128,POM,1449,108
2025,128,POM,1450,122
2025,128,POM,1451,300
2025,128,POM,1452,51
2025,128,POM,1453,334
2025,128,POM,1454,146
2025,128,POM,1455,138
2025,128,POM,1456,229
2025,128,POM,1457,161
2025,128,POM,1458,13
2025,128,POM,1459,120
2025,128,POM,1460,222
2025,128,POM,1461,185
2025,128,POM,1462,43
2025,128,POM,1463,73
2025,128,POM,1464,203
2025,128,POM,1465,164
2025,128,POM,1466,111
2025,128,POM,1467,184
2025,128,POM,1468,341
2025,128,POM,1469,301
2025,128,POM,1470,288
2025,128,POM,1471,36
2025,128,POM,1472,126
2025,128,POM,1473,326
2025,128,POM,1474,206
2025,128,POM,1475,336
2025,128,POM,1476,322
2025,128,POM,1477,329
2025,128,POM,1478,354
2025,128,POM,1479,342
2025,128,POM,1480,349
